Row ID,Order ID,Order Date,Ship Date,Ship Mode,Customer ID,Customer Name,Segment,Country,City,State,Postal Code,Region,Product ID,Category,Sub-Category,Product Name,Sales
9803,CA-2019-107727,19/10/2019,23/10/2019,Second Class,MA-17560,Matt Abelman,Home Office,United States,Houston,Texas,77095.0,Central,OFF-PA-10000249,Office Supplies,Paper,Easy-staple paper,31.52
9812,CA-2019-155558,26/10/2019,02/11/2019,Standard Class,PG-18895,Paul Gonzalez,Consumer,United States,Rochester,Minnesota,55901.0,Central,TEC-AC-10001998,Technology,Accessories,Logitech LS21 Speaker System - PC Multimedia - 2.1-CH - Wired,22.81
9813,CA-2019-155558,26/10/2019,02/11/2019,Standard Class,PG-18895,Paul Gonzalez,Consumer,United States,Rochester,Minnesota,55901.0,Central,OFF-LA-10000134,Office Supplies,Labels,Avery 511,6.77
9859,CA-2019-132976,13/10/2019,17/10/2019,Standard Class,AG-10495,Andrew Gjertsen,Corporate,United States,Philadelphia,Pennsylvania,19140.0,East,OFF-PA-10000673,Office Supplies,Paper,"Post-it “Important Message” Note Pad, Neon Colors, 50 Sheets/Pad",10.06
9860,CA-2019-132976,13/10/2019,17/10/2019,Standard Class,AG-10495,Andrew Gjertsen,Corporate,United States,Philadelphia,Pennsylvania,19140.0,East,OFF-PA-10004470,Office Supplies,Paper,"Adams Write n' Stick Phone Message Book, 11"" X 5 1/4"", 200 Messages",17.22
9861,CA-2019-132976,13/10/2019,17/10/2019,Standard Class,AG-10495,Andrew Gjertsen,Corporate,United States,Philadelphia,Pennsylvania,19140.0,East,OFF-ST-10000876,Office Supplies,Storage,Eldon Simplefile Box Office,57.72
9862,CA-2019-132976,13/10/2019,17/10/2019,Standard Class,AG-10495,Andrew Gjertsen,Corporate,United States,Philadelphia,Pennsylvania,19140.0,East,OFF-LA-10002043,Office Supplies,Labels,Avery 489,23.14
9882,CA-2019-165603,17/10/2019,19/10/2019,Second Class,SS-20140,Saphhira Shifley,Corporate,United States,Warwick,Rhode Island,2886.0,East,OFF-ST-10000798,Office Supplies,Storage,2300 Heavy-Duty Transfer File Systems by Perma,51.81
9883,CA-2019-165603,17/10/2019,19/10/2019,Second Class,SS-20140,Saphhira Shifley,Corporate,United States,Warwick,Rhode Island,2886.0,East,OFF-PA-10002552,Office Supplies,Paper,Xerox 1958,12.3
9900,CA-2019-125388,19/10/2019,23/10/2019,Standard Class,MP-17965,Michael Paige,Corporate,United States,Lawrence,Massachusetts,1841.0,East,FUR-FU-10004712,Furniture,Furnishings,"Westinghouse Mesh Shade Clip-On Gooseneck Lamp, Black",49.91
9901,CA-2019-125388,19/10/2019,23/10/2019,Standard Class,MP-17965,Michael Paige,Corporate,United States,Lawrence,Massachusetts,1841.0,East,OFF-ST-10000918,Office Supplies,Storage,Crate-A-Files,28.1
9905,CA-2019-152275,01/10/2019,08/10/2019,Standard Class,KH-16630,Ken Heidel,Corporate,United States,San Antonio,Texas,78207.0,Central,OFF-AR-10000369,Office Supplies,Art,Design Ebony Sketching Pencil,7.49
9909,CA-2019-147277,20/10/2019,24/10/2019,Standard Class,EB-13705,Ed Braxton,Corporate,United States,Akron,Ohio,44312.0,East,FUR-TA-10001539,Furniture,Tables,Chromcraft Rectangular Conference Tables,261.23
9910,CA-2019-147277,20/10/2019,24/10/2019,Standard Class,EB-13705,Ed Braxton,Corporate,United States,Akron,Ohio,44312.0,East,OFF-ST-10000142,Office Supplies,Storage,Deluxe Rollaway Locking File with Drawer,580.96
9925,CA-2019-113558,21/10/2019,26/10/2019,Standard Class,PH-18790,Patricia Hirasaki,Home Office,United States,Lakeland,Florida,33801.0,South,FUR-CH-10003379,Furniture,Chairs,Global Commerce Series High-Back Swivel/Tilt Chairs,628.13
9926,CA-2019-113558,21/10/2019,26/10/2019,Standard Class,PH-18790,Patricia Hirasaki,Home Office,United States,Lakeland,Florida,33801.0,South,FUR-FU-10001756,Furniture,Furnishings,"Eldon Expressions Desk Accessory, Wood Photo Frame, Mahogany",44.7
9937,CA-2019-156951,01/10/2019,08/10/2019,Standard Class,EB-13840,Ellis Ballard,Corporate,United States,Seattle,Washington,98105.0,West,OFF-PA-10004530,Office Supplies,Paper,Personal Creations Ink Jet Cards and Labels,92.36
9938,CA-2019-156951,01/10/2019,08/10/2019,Standard Class,EB-13840,Ellis Ballard,Corporate,United States,Seattle,Washington,98105.0,West,OFF-BI-10001107,Office Supplies,Binders,"GBC White Gloss Covers, Plain Front",86.03
9939,CA-2019-156951,01/10/2019,08/10/2019,Standard Class,EB-13840,Ellis Ballard,Corporate,United States,Seattle,Washington,98105.0,West,OFF-PA-10004451,Office Supplies,Paper,Xerox 222,18.64
9940,CA-2019-156951,01/10/2019,08/10/2019,Standard Class,EB-13840,Ellis Ballard,Corporate,United States,Seattle,Washington,98105.0,West,FUR-CH-10004997,Furniture,Chairs,Hon Every-Day Series Multi-Task Chairs,515.01
10003,CA-2019-126074,02/10/2019,06/10/2019,Standard Class,RF-19735,Roland Fjeld,Consumer,United States,Trenton,Michigan,48183.0,Central,OFF-BI-10003638,Office Supplies,Binders,GBC Durable Plastic Covers,52.16
10004,CA-2019-126074,02/10/2019,06/10/2019,Standard Class,RF-19735,Roland Fjeld,Consumer,United States,Trenton,Michigan,48183.0,Central,FUR-FU-10003577,Furniture,Furnishings,Nu-Dell Leatherette Frames,176.6
10005,CA-2019-126074,02/10/2019,06/10/2019,Standard Class,RF-19735,Roland Fjeld,Consumer,United States,Trenton,Michigan,48183.0,Central,OFF-AR-10003478,Office Supplies,Art,"Avery Hi-Liter EverBold Pen Style Fluorescent Highlighters, 4/Pack",58.8
10006,CA-2019-126074,02/10/2019,06/10/2019,Standard Class,RF-19735,Roland Fjeld,Consumer,United States,Trenton,Michigan,48183.0,Central,OFF-BI-10000546,Office Supplies,Binders,Avery Durable Binders,2.46
10041,CA-2019-150707,14/10/2019,19/10/2019,Standard Class,EL-13735,Ed Ludwig,Home Office,United States,Columbia,Maryland,21044.0,East,OFF-BI-10001078,Office Supplies,Binders,"Acco PRESSTEX Data Binder with Storage Hooks, Dark Blue, 14 7/8"" X 11""",42.64
10047,CA-2019-160983,29/10/2019,31/10/2019,Second Class,GB-14530,George Bell,Corporate,United States,Auburn,New York,13021.0,East,OFF-PA-10002250,Office Supplies,Paper,Things To Do Today Pad,45.95
10083,US-2019-103247,05/10/2019,08/10/2019,Second Class,PO-19195,Phillina Ober,Home Office,United States,New York City,New York,10011.0,East,TEC-PH-10003555,Technology,Phones,Motorola HK250 Universal Bluetooth Headset,154.92
10084,US-2019-103247,05/10/2019,08/10/2019,Second Class,PO-19195,Phillina Ober,Home Office,United States,New York City,New York,10011.0,East,OFF-BI-10004492,Office Supplies,Binders,Tuf-Vin Binders,66.56
10101,CA-2019-152702,12/10/2019,16/10/2019,Standard Class,SN-20710,Steve Nguyen,Home Office,United States,Rockford,Illinois,61107.0,Central,FUR-CH-10002304,Furniture,Chairs,"Global Stack Chair without Arms, Black",220.36
10152,CA-2019-117079,23/10/2019,27/10/2019,Standard Class,JR-15700,Jocasta Rupert,Consumer,United States,Jacksonville,Florida,32216.0,South,TEC-PH-10004586,Technology,Phones,Wilson SignalBoost 841262 DB PRO Amplifier Kit,956.27
10168,CA-2019-162635,09/10/2019,10/10/2019,First Class,EB-14170,Evan Bailliet,Consumer,United States,Wilmington,North Carolina,28403.0,South,OFF-PA-10002659,Office Supplies,Paper,Avoid Verbal Orders Carbonless Minifold Book,12.13
10169,CA-2019-106033,15/10/2019,18/10/2019,Second Class,FG-14260,Frank Gastineau,Home Office,United States,San Francisco,California,94110.0,West,OFF-AR-10002818,Office Supplies,Art,Panasonic KP-310 Heavy-Duty Electric Pencil Sharpener,79.9
10183,CA-2019-125199,19/10/2019,25/10/2019,Standard Class,HM-14860,Harry Marie,Corporate,United States,Philadelphia,Pennsylvania,19120.0,East,OFF-AR-10002956,Office Supplies,Art,Boston 16801 Nautilus Battery Pencil Sharpener,128.02
10184,CA-2019-125199,19/10/2019,25/10/2019,Standard Class,HM-14860,Harry Marie,Corporate,United States,Philadelphia,Pennsylvania,19120.0,East,OFF-PA-10004041,Office Supplies,Paper,"It's Hot Message Books with Stickers, 2 3/4"" x 5""",26.36
10185,CA-2019-125199,19/10/2019,25/10/2019,Standard Class,HM-14860,Harry Marie,Corporate,United States,Philadelphia,Pennsylvania,19120.0,East,TEC-PH-10001336,Technology,Phones,Digium D40 VoIP phone,331.41
10194,US-2019-117247,09/10/2019,14/10/2019,Standard Class,CK-12760,Cyma Kinney,Corporate,United States,Aurora,Illinois,60505.0,Central,FUR-TA-10002958,Furniture,Tables,"Bevis Oval Conference Table, Walnut",706.55
10195,US-2019-117247,09/10/2019,14/10/2019,Standard Class,CK-12760,Cyma Kinney,Corporate,United States,Aurora,Illinois,60505.0,Central,FUR-TA-10001676,Furniture,Tables,Hon 61000 Series Interactive Training Tables,63.46
10222,CA-2019-139661,30/10/2019,03/11/2019,Standard Class,JW-15220,Jane Waco,Corporate,United States,Vancouver,Washington,98661.0,West,FUR-FU-10002885,Furniture,Furnishings,Magna Visual Magnetic Picture Hangers,10.48
10249,CA-2019-158386,16/10/2019,21/10/2019,Standard Class,BO-11425,Bobby Odegard,Consumer,United States,Richmond,Kentucky,40475.0,South,OFF-BI-10003719,Office Supplies,Binders,Large Capacity Hanging Post Binders,120.12
10256,CA-2019-132234,16/10/2019,18/10/2019,First Class,MY-17380,Maribeth Yedwab,Corporate,United States,New York City,New York,10011.0,East,FUR-FU-10001290,Furniture,Furnishings,Executive Impressions Supervisor Wall Clock,546.09
10275,CA-2019-127285,30/10/2019,06/11/2019,Standard Class,MM-18055,Michelle Moray,Consumer,United States,Seattle,Washington,98115.0,West,OFF-BI-10004330,Office Supplies,Binders,"GBC Velobind Prepunched Cover Sets, Regency Series",89.49
10276,CA-2019-127285,30/10/2019,06/11/2019,Standard Class,MM-18055,Michelle Moray,Consumer,United States,Seattle,Washington,98115.0,West,OFF-BI-10002072,Office Supplies,Binders,Cardinal Slant-D Ring Binders,15.96
10279,CA-2019-159457,19/10/2019,26/10/2019,Standard Class,RD-19480,Rick Duston,Consumer,United States,Houston,Texas,77095.0,Central,TEC-PH-10002185,Technology,Phones,QVS USB Car Charger 2-Port 2.1Amp for iPod/iPhone/iPad/iPad 2/iPad 3,19.03
10288,CA-2019-123491,30/10/2019,05/11/2019,Standard Class,JK-15205,Jamie Kunitz,Consumer,United States,San Francisco,California,94122.0,West,OFF-LA-10003077,Office Supplies,Labels,Avery 500,40.98
10289,CA-2019-123491,30/10/2019,05/11/2019,Standard Class,JK-15205,Jamie Kunitz,Consumer,United States,San Francisco,California,94122.0,West,TEC-PH-10003505,Technology,Phones,Geemarc AmpliPOWER60,168.54
10290,CA-2019-123491,30/10/2019,05/11/2019,Standard Class,JK-15205,Jamie Kunitz,Consumer,United States,San Francisco,California,94122.0,West,OFF-PA-10003424,Office Supplies,Paper,"""While you Were Out"" Message Book, One Form per Page",8.29
10291,CA-2019-123491,30/10/2019,05/11/2019,Standard Class,JK-15205,Jamie Kunitz,Consumer,United States,San Francisco,California,94122.0,West,FUR-CH-10003061,Furniture,Chairs,"Global Leather Task Chair, Black",71.03
10292,CA-2019-123491,30/10/2019,05/11/2019,Standard Class,JK-15205,Jamie Kunitz,Consumer,United States,San Francisco,California,94122.0,West,OFF-AR-10003514,Office Supplies,Art,4009 Highlighters by Sanford,20.62
10293,CA-2019-123491,30/10/2019,05/11/2019,Standard Class,JK-15205,Jamie Kunitz,Consumer,United States,San Francisco,California,94122.0,West,OFF-AP-10002684,Office Supplies,Appliances,"Acco 7-Outlet Masterpiece Power Center, Wihtout Fax/Phone Line Protection",1588.44
10295,CA-2019-104003,07/10/2019,13/10/2019,Standard Class,DC-13285,Debra Catini,Consumer,United States,San Francisco,California,94110.0,West,FUR-BO-10003965,Furniture,Bookcases,O'Sullivan Manor Hill 2-Door Library in Brianna Oak,304.32
10300,CA-2019-152807,30/10/2019,03/11/2019,Standard Class,MC-18100,Mick Crebagga,Consumer,United States,Philadelphia,Pennsylvania,19140.0,East,OFF-PA-10004355,Office Supplies,Paper,Xerox 231,23.76
10301,CA-2019-152807,30/10/2019,03/11/2019,Standard Class,MC-18100,Mick Crebagga,Consumer,United States,Philadelphia,Pennsylvania,19140.0,East,FUR-FU-10004415,Furniture,Furnishings,"Stacking Tray, Side-Loading, Legal, Smoke",7.59
10302,CA-2019-152807,30/10/2019,03/11/2019,Standard Class,MC-18100,Mick Crebagga,Consumer,United States,Philadelphia,Pennsylvania,19140.0,East,OFF-ST-10002486,Office Supplies,Storage,Eldon Shelf Savers Cubes and Bins,11.29
10303,CA-2019-152807,30/10/2019,03/11/2019,Standard Class,MC-18100,Mick Crebagga,Consumer,United States,Philadelphia,Pennsylvania,19140.0,East,TEC-AC-10001142,Technology,Accessories,First Data FD10 PIN Pad,417.12
10304,CA-2019-168837,14/10/2019,17/10/2019,First Class,JW-15955,Joni Wasserman,Consumer,United States,Oakland,California,94601.0,West,FUR-FU-10001918,Furniture,Furnishings,C-Line Cubicle Keepers Polyproplyene Holder With Velcro Backings,10.35
10322,CA-2019-145884,21/10/2019,21/10/2019,Same Day,SL-20155,Sara Luxemburg,Home Office,United States,Muskogee,Oklahoma,74403.0,Central,TEC-PH-10000895,Technology,Phones,Polycom VVX 310 VoIP phone,1388.47
10323,CA-2019-145884,21/10/2019,21/10/2019,Same Day,SL-20155,Sara Luxemburg,Home Office,United States,Muskogee,Oklahoma,74403.0,Central,FUR-TA-10002356,Furniture,Tables,Bevis Boat-Shaped Conference Table,299.06
10346,CA-2019-141789,03/10/2019,06/10/2019,First Class,AC-10450,Amy Cox,Consumer,United States,Minneapolis,Minnesota,55407.0,Central,OFF-BI-10001359,Office Supplies,Binders,GBC DocuBind TL300 Electric Binding System,1717.64
10347,CA-2019-167094,21/10/2019,22/10/2019,First Class,DK-12835,Damala Kotsonis,Corporate,United States,Springfield,Oregon,97477.0,West,OFF-PA-10003953,Office Supplies,Paper,Xerox 218,4.58
10348,CA-2019-167094,21/10/2019,22/10/2019,First Class,DK-12835,Damala Kotsonis,Corporate,United States,Springfield,Oregon,97477.0,West,FUR-CH-10000155,Furniture,Chairs,Global Comet Stacking Armless Chair,503.11
10349,CA-2019-167094,21/10/2019,22/10/2019,First Class,DK-12835,Damala Kotsonis,Corporate,United States,Springfield,Oregon,97477.0,West,TEC-AC-10003116,Technology,Accessories,Memorex Froggy Flash Drive 8 GB,28.57
10350,CA-2019-154410,21/10/2019,24/10/2019,First Class,MD-17860,Michael Dominguez,Corporate,United States,Indianapolis,Indiana,46203.0,Central,OFF-ST-10002743,Office Supplies,Storage,SAFCO Boltless Steel Shelving,983.39
10442,CA-2019-148166,21/10/2019,26/10/2019,Standard Class,NK-18490,Neil Knudson,Home Office,United States,Deltona,Florida,32725.0,South,OFF-AR-10004956,Office Supplies,Art,Newell 33,16.9
10453,CA-2019-129378,01/10/2019,02/10/2019,First Class,NS-18505,Neola Schneider,Consumer,United States,San Jose,California,95123.0,West,OFF-BI-10002012,Office Supplies,Binders,Wilson Jones Easy Flow II Sheet Lifters,1.48
10454,CA-2019-129378,01/10/2019,02/10/2019,First Class,NS-18505,Neola Schneider,Consumer,United States,San Jose,California,95123.0,West,OFF-BI-10001922,Office Supplies,Binders,Storex Dura Pro Binders,66.32
10455,CA-2019-129378,01/10/2019,02/10/2019,First Class,NS-18505,Neola Schneider,Consumer,United States,San Jose,California,95123.0,West,OFF-AP-10000576,Office Supplies,Appliances,"Belkin 325VA UPS Surge Protector, 6'",237.0
10456,CA-2019-129378,01/10/2019,02/10/2019,First Class,NS-18505,Neola Schneider,Consumer,United States,San Jose,California,95123.0,West,FUR-CH-10000553,Furniture,Chairs,"Metal Folding Chairs, Beige, 4/Carton",96.47
10475,CA-2019-149146,12/10/2019,12/10/2019,Same Day,SM-20320,Sean Miller,Home Office,United States,Monroe,North Carolina,28110.0,South,OFF-PA-10003919,Office Supplies,Paper,Xerox 1989,7.75
10480,CA-2019-142622,30/10/2019,02/11/2019,First Class,JK-15625,Jim Karlsson,Consumer,United States,Seattle,Washington,98115.0,West,FUR-CH-10003833,Furniture,Chairs,Novimex Fabric Task Chair,108.27
10481,CA-2019-142622,30/10/2019,02/11/2019,First Class,JK-15625,Jim Karlsson,Consumer,United States,Seattle,Washington,98115.0,West,FUR-CH-10004289,Furniture,Chairs,Global Super Steno Chair,672.7
10482,CA-2019-142622,30/10/2019,02/11/2019,First Class,JK-15625,Jim Karlsson,Consumer,United States,Seattle,Washington,98115.0,West,FUR-BO-10004467,Furniture,Bookcases,Bestar Classic Bookcase,185.46
10528,CA-2019-108574,07/10/2019,11/10/2019,Standard Class,MG-18145,Mike Gockenbach,Consumer,United States,Los Angeles,California,90045.0,West,TEC-AC-10002049,Technology,Accessories,Logitech G19 Programmable Gaming Keyboard,1214.76
10529,CA-2019-108574,07/10/2019,11/10/2019,Standard Class,MG-18145,Mike Gockenbach,Consumer,United States,Los Angeles,California,90045.0,West,TEC-PH-10003555,Technology,Phones,Motorola HK250 Universal Bluetooth Headset,117.22
10530,CA-2019-108574,07/10/2019,11/10/2019,Standard Class,MG-18145,Mike Gockenbach,Consumer,United States,Los Angeles,California,90045.0,West,TEC-PH-10000702,Technology,Phones,"Square Credit Card Reader, 4 1/2"" x 4 1/2"" x 1"", White",71.86
10534,CA-2019-168655,12/10/2019,18/10/2019,Standard Class,ML-18040,Michelle Lonsdale,Corporate,United States,Albuquerque,New Mexico,87105.0,West,TEC-AC-10002842,Technology,Accessories,WD My Passport Ultra 2TB Portable External Hard Drive,599.12
10535,CA-2019-168655,12/10/2019,18/10/2019,Standard Class,ML-18040,Michelle Lonsdale,Corporate,United States,Albuquerque,New Mexico,87105.0,West,OFF-BI-10002082,Office Supplies,Binders,GBC Twin Loop Wire Binding Elements,76.49
10611,CA-2019-127180,22/10/2019,24/10/2019,First Class,TA-21385,Tom Ashbrook,Home Office,United States,New York City,New York,10024.0,East,TEC-CO-10004722,Technology,Copiers,Canon imageCLASS 2200 Advanced Copier,12829.03
10612,CA-2019-127180,22/10/2019,24/10/2019,First Class,TA-21385,Tom Ashbrook,Home Office,United States,New York City,New York,10024.0,East,TEC-PH-10001494,Technology,Phones,Polycom CX600 IP Phone VoIP phone,2643.57
10613,CA-2019-127180,22/10/2019,24/10/2019,First Class,TA-21385,Tom Ashbrook,Home Office,United States,New York City,New York,10024.0,East,OFF-EN-10002500,Office Supplies,Envelopes,Globe Weis Peel & Seel First Class Envelopes,56.7
10614,CA-2019-127180,22/10/2019,24/10/2019,First Class,TA-21385,Tom Ashbrook,Home Office,United States,New York City,New York,10024.0,East,TEC-PH-10003800,Technology,Phones,i.Sound Portable Power - 8000 mAh,59.68
10649,CA-2019-132430,09/10/2019,11/10/2019,First Class,CP-12085,Cathy Prescott,Corporate,United States,Lakewood,Ohio,44107.0,East,FUR-FU-10003577,Furniture,Furnishings,Nu-Dell Leatherette Frames,45.92
10663,CA-2019-126536,12/10/2019,14/10/2019,First Class,NK-18490,Neil Knudson,Home Office,United States,San Francisco,California,94110.0,West,TEC-AC-10003709,Technology,Accessories,Maxell 4.7GB DVD-R 5/Pack,1.0
10664,CA-2019-126536,12/10/2019,14/10/2019,First Class,NK-18490,Neil Knudson,Home Office,United States,San Francisco,California,94110.0,West,OFF-BI-10001191,Office Supplies,Binders,Canvas Sectional Post Binders,100.03
10676,CA-2019-158743,20/10/2019,27/10/2019,Standard Class,IG-15085,Ivan Gibson,Consumer,United States,Little Rock,Arkansas,72209.0,South,OFF-AR-10002257,Office Supplies,Art,"Eldon Spacemaker Box, Quick-Snap Lid, Clear",11.98
10677,CA-2019-158743,20/10/2019,27/10/2019,Standard Class,IG-15085,Ivan Gibson,Consumer,United States,Little Rock,Arkansas,72209.0,South,OFF-PA-10001019,Office Supplies,Paper,Xerox 1884,42.55
10678,CA-2019-158743,20/10/2019,27/10/2019,Standard Class,IG-15085,Ivan Gibson,Consumer,United States,Little Rock,Arkansas,72209.0,South,OFF-BI-10003364,Office Supplies,Binders,Binding Machine Supplies,152.8
10714,CA-2019-139913,23/10/2019,29/10/2019,Standard Class,JC-16105,Julie Creighton,Corporate,United States,Rochester,New York,14609.0,East,OFF-PA-10003739,Office Supplies,Paper,Xerox 1969,11.25
10715,CA-2019-139913,23/10/2019,29/10/2019,Standard Class,JC-16105,Julie Creighton,Corporate,United States,Rochester,New York,14609.0,East,OFF-PA-10002479,Office Supplies,Paper,Xerox 4200 Series MultiUse Premium Copy Paper (20Lb. and 84 Bright),26.81
10716,CA-2019-139913,23/10/2019,29/10/2019,Standard Class,JC-16105,Julie Creighton,Corporate,United States,Rochester,New York,14609.0,East,FUR-FU-10000771,Furniture,Furnishings,"Eldon 200 Class Desk Accessories, Smoke",67.76
10717,CA-2019-139913,23/10/2019,29/10/2019,Standard Class,JC-16105,Julie Creighton,Corporate,United States,Rochester,New York,14609.0,East,TEC-PH-10001552,Technology,Phones,I Need's 3d Hello Kitty Hybrid Silicone Case Cover for HTC One X 4g with 3d Hello Kitty Stylus Pen Green/pink,33.67
10727,US-2019-120390,19/10/2019,26/10/2019,Standard Class,TH-21550,Tracy Hopkins,Home Office,United States,Burlington,North Carolina,27217.0,South,OFF-BI-10004995,Office Supplies,Binders,GBC DocuBind P400 Electric Binding System,1519.85
10758,CA-2019-134607,03/10/2019,08/10/2019,Second Class,HL-15040,Hunter Lopez,Consumer,United States,Rochester,New York,14609.0,East,OFF-ST-10002214,Office Supplies,Storage,X-Rack File for Hanging Folders,19.51
10761,CA-2019-116519,13/10/2019,15/10/2019,First Class,CR-12730,Craig Reiter,Consumer,United States,New York City,New York,10009.0,East,OFF-AP-10000828,Office Supplies,Appliances,Avanti 4.4 Cu. Ft. Refrigerator,791.64
10771,CA-2019-101749,03/10/2019,08/10/2019,Standard Class,AS-10045,Aaron Smayling,Corporate,United States,Pasadena,California,91104.0,West,FUR-TA-10001520,Furniture,Tables,"Lesro Sheffield Collection Coffee Table, End Table, Center Table, Corner Table",179.7
10779,US-2019-148054,06/10/2019,11/10/2019,Standard Class,NZ-18565,Nick Zandusky,Home Office,United States,Meridian,Idaho,83642.0,West,FUR-FU-10003247,Furniture,Furnishings,36X48 HARDFLOOR CHAIRMAT,41.91
10780,US-2019-148054,06/10/2019,11/10/2019,Standard Class,NZ-18565,Nick Zandusky,Home Office,United States,Meridian,Idaho,83642.0,West,OFF-AP-10004336,Office Supplies,Appliances,"Conquest 14 Commercial Heavy-Duty Upright Vacuum, Collection System, Accessory Kit",234.46
10781,US-2019-148054,06/10/2019,11/10/2019,Standard Class,NZ-18565,Nick Zandusky,Home Office,United States,Meridian,Idaho,83642.0,West,OFF-PA-10001295,Office Supplies,Paper,Computer Printout Paper with Letter-Trim Perforations,36.05
10782,CA-2019-131492,19/10/2019,24/10/2019,Second Class,HH-15010,Hilary Holden,Corporate,United States,San Francisco,California,94110.0,West,OFF-EN-10002973,Office Supplies,Envelopes,Ampad #10 Peel & Seel Holiday Envelopes,9.69
10783,CA-2019-131492,19/10/2019,24/10/2019,Second Class,HH-15010,Hilary Holden,Corporate,United States,San Francisco,California,94110.0,West,OFF-LA-10001641,Office Supplies,Labels,Avery 518,27.78
10784,CA-2019-131492,19/10/2019,24/10/2019,Second Class,HH-15010,Hilary Holden,Corporate,United States,San Francisco,California,94110.0,West,FUR-FU-10003878,Furniture,Furnishings,"Linden 10"" Round Wall Clock, Black",26.66
10785,CA-2019-131492,19/10/2019,24/10/2019,Second Class,HH-15010,Hilary Holden,Corporate,United States,San Francisco,California,94110.0,West,FUR-TA-10003837,Furniture,Tables,Anderson Hickey Conga Table Tops & Accessories,26.04
10812,CA-2019-147564,02/10/2019,06/10/2019,Standard Class,BP-11155,Becky Pak,Consumer,United States,New York City,New York,10011.0,East,OFF-PA-10004438,Office Supplies,Paper,Xerox 1907,56.31
10837,US-2019-146416,20/10/2019,22/10/2019,Second Class,JE-16165,Justin Ellison,Corporate,United States,Woodland,California,95695.0,West,OFF-LA-10003714,Office Supplies,Labels,Avery 510,3.57
10838,US-2019-146416,20/10/2019,22/10/2019,Second Class,JE-16165,Justin Ellison,Corporate,United States,Woodland,California,95695.0,West,OFF-BI-10001787,Office Supplies,Binders,Wilson Jones Four-Pocket Poly Binders,22.34
10839,CA-2019-123981,02/10/2019,08/10/2019,Standard Class,RW-19630,Rob Williams,Corporate,United States,New York City,New York,10035.0,East,TEC-PH-10002115,Technology,Phones,Plantronics 81402,57.39
10859,CA-2019-110373,27/10/2019,30/10/2019,Second Class,MA-17560,Matt Abelman,Home Office,United States,Chicago,Illinois,60610.0,Central,OFF-AR-10003045,Office Supplies,Art,Prang Colored Pencils,7.01
10860,CA-2019-110373,27/10/2019,30/10/2019,Second Class,MA-17560,Matt Abelman,Home Office,United States,Chicago,Illinois,60610.0,Central,TEC-PH-10001536,Technology,Phones,Spigen Samsung Galaxy S5 Case Wallet,28.22
10866,CA-2019-113418,01/10/2019,03/10/2019,First Class,CM-12655,Corinna Mitchell,Home Office,United States,New York City,New York,10035.0,East,TEC-MA-10002428,Technology,Machines,Fellowes Powershred HS-440 4-Sheet High Security Shredder,1826.41
10889,CA-2019-148404,07/10/2019,11/10/2019,Standard Class,Dp-13240,Dean percer,Home Office,United States,Charlotte,North Carolina,28205.0,South,OFF-ST-10003208,Office Supplies,Storage,Adjustable Depth Letter/Legal Cart,666.23
10890,CA-2019-148404,07/10/2019,11/10/2019,Standard Class,Dp-13240,Dean percer,Home Office,United States,Charlotte,North Carolina,28205.0,South,OFF-FA-10003112,Office Supplies,Fasteners,Staples,17.41
10891,CA-2019-148404,07/10/2019,11/10/2019,Standard Class,Dp-13240,Dean percer,Home Office,United States,Charlotte,North Carolina,28205.0,South,TEC-PH-10004447,Technology,Phones,Toshiba IPT2010-SD IP Telephone,251.92
10892,CA-2019-148404,07/10/2019,11/10/2019,Standard Class,Dp-13240,Dean percer,Home Office,United States,Charlotte,North Carolina,28205.0,South,OFF-BI-10002854,Office Supplies,Binders,"Performers Binder/Pad Holder, Black",52.72
10893,CA-2019-148404,07/10/2019,11/10/2019,Standard Class,Dp-13240,Dean percer,Home Office,United States,Charlotte,North Carolina,28205.0,South,FUR-TA-10001039,Furniture,Tables,KI Adjustable-Height Table,159.77
10909,CA-2019-152583,30/10/2019,30/10/2019,Same Day,RA-19945,Ryan Akin,Consumer,United States,Dallas,Texas,75217.0,Central,FUR-FU-10003849,Furniture,Furnishings,"DAX Metal Frame, Desktop, Stepped-Edge",17.14
10910,CA-2019-152583,30/10/2019,30/10/2019,Same Day,RA-19945,Ryan Akin,Consumer,United States,Dallas,Texas,75217.0,Central,FUR-TA-10002041,Furniture,Tables,"Bevis Round Conference Table Top, X-Base",224.94
10911,CA-2019-152583,30/10/2019,30/10/2019,Same Day,RA-19945,Ryan Akin,Consumer,United States,Dallas,Texas,75217.0,Central,OFF-ST-10002214,Office Supplies,Storage,X-Rack File for Hanging Folders,59.33
10940,CA-2019-155292,30/10/2019,01/11/2019,First Class,RD-19810,Ross DeVincentis,Home Office,United States,Richmond,Kentucky,40475.0,South,OFF-ST-10004963,Office Supplies,Storage,Eldon Gobal File Keepers,108.92
10941,CA-2019-155292,30/10/2019,01/11/2019,First Class,RD-19810,Ross DeVincentis,Home Office,United States,Richmond,Kentucky,40475.0,South,OFF-SU-10002573,Office Supplies,Supplies,"Acme 10"" Easy Grip Assistive Scissors",38.47
10942,CA-2019-155292,30/10/2019,01/11/2019,First Class,RD-19810,Ross DeVincentis,Home Office,United States,Richmond,Kentucky,40475.0,South,FUR-CH-10000553,Furniture,Chairs,"Metal Folding Chairs, Beige, 4/Carton",32.39
10943,CA-2019-155292,30/10/2019,01/11/2019,First Class,RD-19810,Ross DeVincentis,Home Office,United States,Richmond,Kentucky,40475.0,South,OFF-LA-10001982,Office Supplies,Labels,Smead Alpha-Z Color-Coded Name Labels First Letter Starter Set,31.6
10961,CA-2019-117807,01/10/2019,07/10/2019,Standard Class,DK-13090,Dave Kipp,Consumer,United States,Fremont,Nebraska,68025.0,Central,OFF-PA-10000994,Office Supplies,Paper,Xerox 1915,115.1
11001,CA-2019-113670,15/10/2019,17/10/2019,First Class,RS-19765,Roland Schwarz,Corporate,United States,Los Angeles,California,90045.0,West,FUR-TA-10001705,Furniture,Tables,Bush Advantage Collection Round Conference Table,549.77
11002,CA-2019-113670,15/10/2019,17/10/2019,First Class,RS-19765,Roland Schwarz,Corporate,United States,Los Angeles,California,90045.0,West,OFF-PA-10000675,Office Supplies,Paper,Xerox 1919,175.72
11030,CA-2019-141873,09/10/2019,14/10/2019,Standard Class,HG-14845,Harry Greene,Consumer,United States,New York City,New York,10024.0,East,OFF-BI-10001031,Office Supplies,Binders,Pressboard Data Binders by Wilson Jones,12.47
11031,CA-2019-141873,09/10/2019,14/10/2019,Standard Class,HG-14845,Harry Greene,Consumer,United States,New York City,New York,10024.0,East,FUR-BO-10003034,Furniture,Bookcases,"O'Sullivan Elevations Bookcase, Cherry Finish",351.52
11032,CA-2019-141873,09/10/2019,14/10/2019,Standard Class,HG-14845,Harry Greene,Consumer,United States,New York City,New York,10024.0,East,OFF-PA-10000069,Office Supplies,Paper,"TOPS 4 x 6 Fluorescent Color Memo Sheets, 500 Sheets per Pack",17.44
11033,CA-2019-141873,09/10/2019,14/10/2019,Standard Class,HG-14845,Harry Greene,Consumer,United States,New York City,New York,10024.0,East,OFF-BI-10003655,Office Supplies,Binders,Durable Pressboard Binders,16.67
11044,US-2019-105389,23/10/2019,28/10/2019,Second Class,DM-13015,Darrin Martin,Consumer,United States,San Antonio,Texas,78207.0,Central,OFF-BI-10004364,Office Supplies,Binders,Storex Dura Pro Binders,3.93
11045,US-2019-105389,23/10/2019,28/10/2019,Second Class,DM-13015,Darrin Martin,Consumer,United States,San Antonio,Texas,78207.0,Central,TEC-PH-10002824,Technology,Phones,Jabra SPEAK 410 Multidevice Speakerphone,888.48
11046,US-2019-105389,23/10/2019,28/10/2019,Second Class,DM-13015,Darrin Martin,Consumer,United States,San Antonio,Texas,78207.0,Central,OFF-AR-10000634,Office Supplies,Art,Newell 320,10.66
11049,CA-2019-123246,17/10/2019,19/10/2019,Second Class,AJ-10960,Astrea Jones,Consumer,United States,San Diego,California,92037.0,West,OFF-AR-10001770,Office Supplies,Art,Economy #2 Pencils,11.98
11078,CA-2019-101308,02/10/2019,07/10/2019,Standard Class,FG-14260,Frank Gastineau,Home Office,United States,Seattle,Washington,98105.0,West,OFF-FA-10002780,Office Supplies,Fasteners,Staples,10.25
11079,CA-2019-101308,02/10/2019,07/10/2019,Standard Class,FG-14260,Frank Gastineau,Home Office,United States,Seattle,Washington,98105.0,West,TEC-PH-10003800,Technology,Phones,i.Sound Portable Power - 8000 mAh,75.69
11086,CA-2019-130764,27/10/2019,28/10/2019,First Class,JO-15145,Jack O'Briant,Corporate,United States,San Francisco,California,94110.0,West,FUR-BO-10003034,Furniture,Bookcases,"O'Sullivan Elevations Bookcase, Cherry Finish",559.62
11087,CA-2019-130764,27/10/2019,28/10/2019,First Class,JO-15145,Jack O'Briant,Corporate,United States,San Francisco,California,94110.0,West,TEC-PH-10003215,Technology,Phones,Jackery Bar Premium Fast-charging Portable Charger,83.99
11094,CA-2019-100356,21/10/2019,25/10/2019,Standard Class,SP-20920,Susan Pistek,Consumer,United States,Chicago,Illinois,60653.0,Central,OFF-AP-10002191,Office Supplies,Appliances,Belkin 8 Outlet SurgeMaster II Gold Surge Protector,25.36
11115,CA-2019-105914,02/10/2019,08/10/2019,Standard Class,PV-18985,Paul Van Hugh,Home Office,United States,Los Angeles,California,90036.0,West,OFF-BI-10002854,Office Supplies,Binders,"Performers Binder/Pad Holder, Black",110.52
11116,CA-2019-105914,02/10/2019,08/10/2019,Standard Class,PV-18985,Paul Van Hugh,Home Office,United States,Los Angeles,California,90036.0,West,OFF-ST-10003716,Office Supplies,Storage,Tennsco Double-Tier Lockers,1642.99
11123,CA-2019-106068,23/10/2019,28/10/2019,Standard Class,RB-19330,Randy Bradley,Consumer,United States,Austin,Texas,78745.0,Central,OFF-BI-10000962,Office Supplies,Binders,"Acco Flexible ACCOHIDE Square Ring Data Binder, Dark Blue, 11 1/2"" X 14"" 7/8""",10.85
11124,CA-2019-106068,23/10/2019,28/10/2019,Standard Class,RB-19330,Randy Bradley,Consumer,United States,Austin,Texas,78745.0,Central,OFF-ST-10004507,Office Supplies,Storage,Advantus Rolling Storage Box,12.56
11125,CA-2019-106068,23/10/2019,28/10/2019,Standard Class,RB-19330,Randy Bradley,Consumer,United States,Austin,Texas,78745.0,Central,TEC-AC-10002942,Technology,Accessories,WD My Passport Ultra 1TB Portable External Hard Drive,63.08
11126,CA-2019-106068,23/10/2019,28/10/2019,Standard Class,RB-19330,Randy Bradley,Consumer,United States,Austin,Texas,78745.0,Central,OFF-ST-10002344,Office Supplies,Storage,"Carina 42""Hx23 3/4""W Media Storage Unit",246.46
11136,CA-2019-128426,07/10/2019,11/10/2019,Standard Class,JK-15730,Joe Kamberova,Consumer,United States,Houston,Texas,77036.0,Central,OFF-BI-10000756,Office Supplies,Binders,Storex DuraTech Recycled Plastic Frosted Binders,4.43
11137,US-2019-136868,06/10/2019,12/10/2019,Standard Class,CR-12820,Cyra Reiten,Home Office,United States,New York City,New York,10035.0,East,TEC-AC-10001539,Technology,Accessories,Logitech G430 Surround Sound Gaming Headset with Dolby 7.1 Technology,291.12
11138,US-2019-136868,06/10/2019,12/10/2019,Standard Class,CR-12820,Cyra Reiten,Home Office,United States,New York City,New York,10035.0,East,OFF-PA-10002377,Office Supplies,Paper,"Adams Telephone Message Book W/Dividers/Space For Phone Numbers, 5 1/4""X8 1/2"", 200/Messages",17.96
11139,US-2019-136868,06/10/2019,12/10/2019,Standard Class,CR-12820,Cyra Reiten,Home Office,United States,New York City,New York,10035.0,East,OFF-ST-10000991,Office Supplies,Storage,Space Solutions HD Industrial Steel Shelving.,300.64
11164,CA-2019-163160,13/10/2019,16/10/2019,First Class,TS-21610,Troy Staebel,Consumer,United States,Freeport,Illinois,61032.0,Central,OFF-PA-10003127,Office Supplies,Paper,Easy-staple paper,65.81
11165,CA-2019-163160,13/10/2019,16/10/2019,First Class,TS-21610,Troy Staebel,Consumer,United States,Freeport,Illinois,61032.0,Central,OFF-BI-10000778,Office Supplies,Binders,GBC VeloBinder Electric Binding Machine,103.55
11166,CA-2019-163160,13/10/2019,16/10/2019,First Class,TS-21610,Troy Staebel,Consumer,United States,Freeport,Illinois,61032.0,Central,FUR-FU-10001424,Furniture,Furnishings,Dax Clear Box Frame,9.32
11167,CA-2019-118367,28/10/2019,02/11/2019,Second Class,LO-17170,Lori Olson,Corporate,United States,New York City,New York,10035.0,East,OFF-EN-10004386,Office Supplies,Envelopes,"Recycled Interoffice Envelopes with String and Button Closure, 10 x 13",51.09
11168,CA-2019-164819,15/10/2019,19/10/2019,Second Class,RS-19420,Ricardo Sperren,Corporate,United States,Fairfield,Connecticut,6824.0,East,OFF-LA-10001045,Office Supplies,Labels,Permanent Self-Adhesive File Folder Labels for Typewriters by Universal,14.65
11181,CA-2019-101581,22/10/2019,27/10/2019,Standard Class,DW-13195,David Wiener,Corporate,United States,Redmond,Oregon,97756.0,West,FUR-TA-10002607,Furniture,Tables,KI Conference Tables,159.34
11191,CA-2019-149853,03/10/2019,09/10/2019,Standard Class,PO-18850,Patrick O'Brill,Consumer,United States,Hialeah,Florida,33012.0,South,OFF-PA-10000556,Office Supplies,Paper,Xerox 208,14.32
11192,CA-2019-149853,03/10/2019,09/10/2019,Standard Class,PO-18850,Patrick O'Brill,Consumer,United States,Hialeah,Florida,33012.0,South,OFF-AP-10000804,Office Supplies,Appliances,Hoover Portapower Portable Vacuum,15.63
11254,CA-2019-130211,22/10/2019,22/10/2019,Same Day,BD-11620,Brian DeCherney,Consumer,United States,Lawton,Oklahoma,73505.0,Central,OFF-ST-10000129,Office Supplies,Storage,Fellowes Recycled Storage Drawers,340.15
11255,CA-2019-130211,22/10/2019,22/10/2019,Same Day,BD-11620,Brian DeCherney,Consumer,United States,Lawton,Oklahoma,73505.0,Central,FUR-TA-10003748,Furniture,Tables,Bevis 36 x 72 Conference Tables,213.9
11261,US-2019-111920,22/10/2019,26/10/2019,Standard Class,PS-18970,Paul Stevenson,Home Office,United States,Tulsa,Oklahoma,74133.0,Central,OFF-AR-10003179,Office Supplies,Art,Dixon Ticonderoga Core-Lock Colored Pencils,35.28
11275,US-2019-117331,21/10/2019,28/10/2019,Standard Class,ND-18370,Natalie DeCherney,Consumer,United States,Glendale,Arizona,85301.0,West,OFF-BI-10003984,Office Supplies,Binders,Lock-Up Easel 'Spel-Binder',8.11
11302,CA-2019-130141,22/10/2019,24/10/2019,Second Class,HA-14905,Helen Abelman,Consumer,United States,Fort Collins,Colorado,80525.0,West,OFF-BI-10000831,Office Supplies,Binders,Storex Flexible Poly Binders with Double Pockets,3.15
11303,CA-2019-130141,22/10/2019,24/10/2019,Second Class,HA-14905,Helen Abelman,Consumer,United States,Fort Collins,Colorado,80525.0,West,FUR-CH-10000749,Furniture,Chairs,Office Star - Ergonomic Mid Back Chair with 2-Way Adjustable Arms,496.72
11351,CA-2019-167661,05/10/2019,10/10/2019,Standard Class,MP-18175,Mike Pelletier,Home Office,United States,San Francisco,California,94110.0,West,OFF-BI-10002571,Office Supplies,Binders,"Avery Framed View Binder, EZD Ring (Locking), Navy, 1 1/2""",45.33
11352,CA-2019-167661,05/10/2019,10/10/2019,Standard Class,MP-18175,Mike Pelletier,Home Office,United States,San Francisco,California,94110.0,West,OFF-PA-10002581,Office Supplies,Paper,Xerox 1951,63.85
11353,CA-2019-167661,05/10/2019,10/10/2019,Standard Class,MP-18175,Mike Pelletier,Home Office,United States,San Francisco,California,94110.0,West,OFF-BI-10001097,Office Supplies,Binders,Avery Hole Reinforcements,21.85
11386,CA-2019-163125,09/10/2019,11/10/2019,Second Class,MB-17305,Maria Bertelson,Consumer,United States,League City,Texas,77573.0,Central,OFF-AR-10004344,Office Supplies,Art,Bulldog Vacuum Base Pencil Sharpener,59.82
11387,CA-2019-163125,09/10/2019,11/10/2019,Second Class,MB-17305,Maria Bertelson,Consumer,United States,League City,Texas,77573.0,Central,FUR-CH-10001802,Furniture,Chairs,Hon Every-Day Chair Series Swivel Task Chairs,268.93
11394,CA-2019-117653,19/10/2019,23/10/2019,Standard Class,MO-17500,Mary O'Rourke,Consumer,United States,Chicago,Illinois,60623.0,Central,FUR-TA-10003008,Furniture,Tables,"Lesro Round Back Collection Coffee Table, End Table",80.43
11453,CA-2019-106432,19/10/2019,24/10/2019,Standard Class,CA-12265,Christina Anderson,Consumer,United States,Waco,Texas,76706.0,Central,OFF-BI-10002799,Office Supplies,Binders,"SlimView Poly Binder, 3/8""",1.92
11454,CA-2019-106432,19/10/2019,24/10/2019,Standard Class,CA-12265,Christina Anderson,Consumer,United States,Waco,Texas,76706.0,Central,FUR-BO-10004360,Furniture,Bookcases,Rush Hierlooms Collection Rich Wood Bookcases,314.62
11478,US-2019-115595,09/10/2019,11/10/2019,First Class,XP-21865,Xylona Preis,Consumer,United States,Los Angeles,California,90032.0,West,OFF-PA-10001745,Office Supplies,Paper,"Wirebound Message Books, 2 7/8"" x 5"", 3 Forms per Page",34.18
11479,CA-2019-158722,20/10/2019,26/10/2019,Standard Class,MA-17560,Matt Abelman,Home Office,United States,Philadelphia,Pennsylvania,19120.0,East,OFF-PA-10000176,Office Supplies,Paper,Xerox 1887,41.07
11491,CA-2019-152709,07/10/2019,12/10/2019,Standard Class,DB-13210,Dean Braden,Consumer,United States,Detroit,Michigan,48234.0,Central,OFF-ST-10001837,Office Supplies,Storage,"SAFCO Mobile Desk Side File, Wire Frame",77.18
11506,US-2019-162558,02/10/2019,05/10/2019,First Class,Dp-13240,Dean percer,Home Office,United States,Knoxville,Tennessee,37918.0,South,FUR-FU-10002364,Furniture,Furnishings,"Eldon Expressions Wood Desk Accessories, Oak",10.41
11507,US-2019-162558,02/10/2019,05/10/2019,First Class,Dp-13240,Dean percer,Home Office,United States,Knoxville,Tennessee,37918.0,South,FUR-FU-10004864,Furniture,Furnishings,Eldon 500 Class Desk Accessories,10.06
11508,US-2019-162558,02/10/2019,05/10/2019,First Class,Dp-13240,Dean percer,Home Office,United States,Knoxville,Tennessee,37918.0,South,OFF-PA-10003172,Office Supplies,Paper,Xerox 1996,18.97
11509,US-2019-162558,02/10/2019,05/10/2019,First Class,Dp-13240,Dean percer,Home Office,United States,Knoxville,Tennessee,37918.0,South,OFF-BI-10000977,Office Supplies,Binders,Ibico Plastic Spiral Binding Combs,28.34
11510,US-2019-162558,02/10/2019,05/10/2019,First Class,Dp-13240,Dean percer,Home Office,United States,Knoxville,Tennessee,37918.0,South,FUR-TA-10000198,Furniture,Tables,Chromcraft Bull-Nose Wood Oval Conference Tables & Bases,2418.39
11511,US-2019-162558,02/10/2019,05/10/2019,First Class,Dp-13240,Dean percer,Home Office,United States,Knoxville,Tennessee,37918.0,South,OFF-BI-10003984,Office Supplies,Binders,Lock-Up Easel 'Spel-Binder',30.66
11512,US-2019-162558,02/10/2019,05/10/2019,First Class,Dp-13240,Dean percer,Home Office,United States,Knoxville,Tennessee,37918.0,South,FUR-FU-10003691,Furniture,Furnishings,"Eldon Image Series Desk Accessories, Ebony",17.16
11514,CA-2019-111577,16/10/2019,21/10/2019,Standard Class,AJ-10780,Anthony Jacobs,Corporate,United States,Scottsdale,Arizona,85254.0,West,OFF-PA-10000062,Office Supplies,Paper,Green Bar Computer Printout Paper,304.06
11551,CA-2019-117422,21/10/2019,25/10/2019,Standard Class,FC-14245,Frank Carlisle,Home Office,United States,Lakewood,Ohio,44107.0,East,OFF-AP-10000938,Office Supplies,Appliances,Avanti 1.7 Cu. Ft. Refrigerator,163.28
11552,CA-2019-117422,21/10/2019,25/10/2019,Standard Class,FC-14245,Frank Carlisle,Home Office,United States,Lakewood,Ohio,44107.0,East,OFF-PA-10002195,Office Supplies,Paper,"RSVP Cards & Envelopes, Blank White, 8-1/2"" X 11"", 24 Cards/25 Envelopes/Set",3.72
11553,CA-2019-117422,21/10/2019,25/10/2019,Standard Class,FC-14245,Frank Carlisle,Home Office,United States,Lakewood,Ohio,44107.0,East,OFF-BI-10002799,Office Supplies,Binders,"SlimView Poly Binder, 3/8""",5.31
11572,CA-2019-105487,08/10/2019,14/10/2019,Standard Class,CS-12250,Chris Selesnick,Corporate,United States,San Diego,California,92105.0,West,TEC-PH-10001336,Technology,Phones,Digium D40 VoIP phone,112.02
11573,CA-2019-105487,08/10/2019,14/10/2019,Standard Class,CS-12250,Chris Selesnick,Corporate,United States,San Diego,California,92105.0,West,TEC-AC-10002305,Technology,Accessories,KeyTronic E03601U1 - Keyboard - Beige,40.23
11574,CA-2019-105487,08/10/2019,14/10/2019,Standard Class,CS-12250,Chris Selesnick,Corporate,United States,San Diego,California,92105.0,West,TEC-AC-10003610,Technology,Accessories,Logitech Illuminated - Keyboard,272.74
11575,CA-2019-105487,08/10/2019,14/10/2019,Standard Class,CS-12250,Chris Selesnick,Corporate,United States,San Diego,California,92105.0,West,OFF-ST-10002301,Office Supplies,Storage,Tennsco Commercial Shelving,44.18
11609,CA-2019-116113,02/10/2019,06/10/2019,Second Class,JW-15220,Jane Waco,Corporate,United States,Montgomery,Alabama,36116.0,South,FUR-FU-10002963,Furniture,Furnishings,"Master Caster Door Stop, Gray",9.17
11623,CA-2019-163818,04/10/2019,08/10/2019,Standard Class,PS-18970,Paul Stevenson,Home Office,United States,Clinton,Maryland,20735.0,East,FUR-FU-10000076,Furniture,Furnishings,24-Hour Round Wall Clock,20.67
11650,CA-2019-109099,06/10/2019,11/10/2019,Standard Class,MM-18280,Muhammed MacIntyre,Corporate,United States,New York City,New York,10009.0,East,OFF-PA-10001033,Office Supplies,Paper,Xerox 1893,42.78
11651,CA-2019-127922,27/10/2019,03/11/2019,Standard Class,SH-19975,Sally Hughsby,Corporate,United States,Dallas,Texas,75081.0,Central,OFF-EN-10003068,Office Supplies,Envelopes,#6 3/4 Gummed Flap White Envelopes,14.82
11652,CA-2019-127922,27/10/2019,03/11/2019,Standard Class,SH-19975,Sally Hughsby,Corporate,United States,Dallas,Texas,75081.0,Central,OFF-PA-10001204,Office Supplies,Paper,Xerox 1972,9.25
11653,CA-2019-126123,14/10/2019,18/10/2019,Standard Class,AG-10765,Anthony Garverick,Home Office,United States,Chicago,Illinois,60623.0,Central,OFF-BI-10000309,Office Supplies,Binders,"GBC Twin Loop Wire Binding Elements, 9/16"" Spine, Black",30.37
11654,CA-2019-126123,14/10/2019,18/10/2019,Standard Class,AG-10765,Anthony Garverick,Home Office,United States,Chicago,Illinois,60623.0,Central,OFF-BI-10004224,Office Supplies,Binders,Catalog Binders with Expanding Posts,14.85
11679,CA-2019-141117,02/10/2019,08/10/2019,Standard Class,JK-16090,Juliana Krohn,Consumer,United States,Springfield,Oregon,97477.0,West,FUR-BO-10001972,Furniture,Bookcases,O'Sullivan 4-Shelf Bookcase in Odessa Pine,204.54
11680,CA-2019-141117,02/10/2019,08/10/2019,Standard Class,JK-16090,Juliana Krohn,Consumer,United States,Springfield,Oregon,97477.0,West,OFF-SU-10004664,Office Supplies,Supplies,Acme Softgrip Scissors,39.83
11681,CA-2019-141117,02/10/2019,08/10/2019,Standard Class,JK-16090,Juliana Krohn,Consumer,United States,Springfield,Oregon,97477.0,West,OFF-BI-10003676,Office Supplies,Binders,"GBC Standard Recycled Report Covers, Clear Plastic Sheets",23.92
11682,CA-2019-141117,02/10/2019,08/10/2019,Standard Class,JK-16090,Juliana Krohn,Consumer,United States,Springfield,Oregon,97477.0,West,OFF-AR-10003727,Office Supplies,Art,Berol Giant Pencil Sharpener,105.8
11706,CA-2019-151596,08/10/2019,11/10/2019,First Class,BP-11050,Barry Pond,Corporate,United States,Cranston,Rhode Island,2920.0,East,OFF-ST-10001837,Office Supplies,Storage,"SAFCO Mobile Desk Side File, Wire Frame",38.94
11725,CA-2019-112431,12/10/2019,14/10/2019,Second Class,RW-19690,Robert Waldorf,Consumer,United States,Los Angeles,California,90049.0,West,TEC-AC-10001465,Technology,Accessories,SanDisk Cruzer 64 GB USB Flash Drive,474.31
11726,CA-2019-112431,12/10/2019,14/10/2019,Second Class,RW-19690,Robert Waldorf,Consumer,United States,Los Angeles,California,90049.0,West,OFF-AR-10000940,Office Supplies,Art,Newell 343,5.16
11811,CA-2019-113453,21/10/2019,28/10/2019,Standard Class,CM-12160,Charles McCrossin,Consumer,United States,Philadelphia,Pennsylvania,19143.0,East,TEC-PH-10004165,Technology,Phones,Mitel MiVoice 5330e IP Phone,283.82
11812,CA-2019-113453,21/10/2019,28/10/2019,Standard Class,CM-12160,Charles McCrossin,Consumer,United States,Philadelphia,Pennsylvania,19143.0,East,OFF-ST-10000352,Office Supplies,Storage,Acco Perma 2700 Stacking Storage Drawers,62.01
11854,CA-2019-143112,05/10/2019,09/10/2019,Standard Class,TS-21370,Todd Sumrall,Corporate,United States,New York City,New York,10035.0,East,TEC-PH-10003095,Technology,Phones,Samsung HM1900 Bluetooth Headset,99.54
11855,CA-2019-143112,05/10/2019,09/10/2019,Standard Class,TS-21370,Todd Sumrall,Corporate,United States,New York City,New York,10035.0,East,FUR-CH-10002880,Furniture,Chairs,"Global High-Back Leather Tilter, Burgundy",244.63
11856,CA-2019-143112,05/10/2019,09/10/2019,Standard Class,TS-21370,Todd Sumrall,Corporate,United States,New York City,New York,10035.0,East,TEC-MA-10001047,Technology,Machines,"3D Systems Cube Printer, 2nd Generation, Magenta",5463.63
11857,CA-2019-104822,20/10/2019,20/10/2019,Same Day,RB-19465,Rick Bensley,Home Office,United States,New York City,New York,10024.0,East,OFF-LA-10002034,Office Supplies,Labels,Avery 478,24.27
11871,CA-2019-143035,03/10/2019,05/10/2019,Second Class,CC-12430,Chuck Clark,Home Office,United States,New York City,New York,10009.0,East,FUR-FU-10001934,Furniture,Furnishings,Magnifier Swing Arm Lamp,90.38
11872,CA-2019-143035,03/10/2019,05/10/2019,Second Class,CC-12430,Chuck Clark,Home Office,United States,New York City,New York,10009.0,East,OFF-AR-10001130,Office Supplies,Art,"Quartet Alpha White Chalk, 12/Pack",6.67
11873,CA-2019-143035,03/10/2019,05/10/2019,Second Class,CC-12430,Chuck Clark,Home Office,United States,New York City,New York,10009.0,East,TEC-AC-10002049,Technology,Accessories,Logitech G19 Programmable Gaming Keyboard,339.04
11880,CA-2019-131632,31/10/2019,04/11/2019,Standard Class,AH-10120,Adrian Hane,Home Office,United States,Dallas,Texas,75217.0,Central,OFF-AR-10003651,Office Supplies,Art,Newell 350,5.68
11927,CA-2019-111262,28/10/2019,01/11/2019,Second Class,KH-16510,Keith Herrera,Consumer,United States,Houston,Texas,77095.0,Central,TEC-AC-10002167,Technology,Accessories,Imation 8gb Micro Traveldrive Usb 2.0 Flash Drive,24.97
11928,CA-2019-111262,28/10/2019,01/11/2019,Second Class,KH-16510,Keith Herrera,Consumer,United States,Houston,Texas,77095.0,Central,OFF-PA-10001937,Office Supplies,Paper,Xerox 21,13.99
11929,CA-2019-111262,28/10/2019,01/11/2019,Second Class,KH-16510,Keith Herrera,Consumer,United States,Houston,Texas,77095.0,Central,TEC-AC-10004510,Technology,Accessories,Logitech Desktop MK120 Mouse and keyboard Combo,29.18
11997,CA-2019-162173,26/10/2019,01/11/2019,Standard Class,OT-18730,Olvera Toch,Consumer,United States,Virginia Beach,Virginia,23464.0,South,FUR-TA-10001520,Furniture,Tables,"Lesro Sheffield Collection Coffee Table, End Table, Center Table, Corner Table",352.61
11998,CA-2019-162173,26/10/2019,01/11/2019,Standard Class,OT-18730,Olvera Toch,Consumer,United States,Virginia Beach,Virginia,23464.0,South,OFF-EN-10002831,Office Supplies,Envelopes,"Tyvek  Top-Opening Peel & Seel  Envelopes, Gray",279.1
12065,CA-2019-142643,15/10/2019,20/10/2019,Standard Class,DL-13495,Dionis Lloyd,Corporate,United States,Thousand Oaks,California,91360.0,West,OFF-LA-10003510,Office Supplies,Labels,"Avery 4027 File Folder Labels for Dot Matrix Printers, 5000 Labels per Box, White",157.55
12066,CA-2019-142643,15/10/2019,20/10/2019,Standard Class,DL-13495,Dionis Lloyd,Corporate,United States,Thousand Oaks,California,91360.0,West,FUR-FU-10000087,Furniture,Furnishings,"Executive Impressions 14"" Two-Color Numerals Wall Clock",23.61
12171,US-2019-168613,08/10/2019,14/10/2019,Standard Class,GM-14440,Gary McGarr,Consumer,United States,New York City,New York,10009.0,East,FUR-CH-10002372,Furniture,Chairs,Office Star - Ergonomically Designed Knee Chair,152.42
12187,CA-2019-137414,02/10/2019,06/10/2019,Standard Class,CM-12115,Chad McGuire,Consumer,United States,San Francisco,California,94109.0,West,FUR-FU-10001424,Furniture,Furnishings,Dax Clear Box Frame,16.79
12188,CA-2019-137414,02/10/2019,06/10/2019,Standard Class,CM-12115,Chad McGuire,Consumer,United States,San Francisco,California,94109.0,West,TEC-MA-10002930,Technology,Machines,Ricoh - Ink Collector Unit for GX3000 Series Printers,380.35
12189,CA-2019-154949,15/10/2019,19/10/2019,Standard Class,MC-17275,Marc Crier,Consumer,United States,Camarillo,California,93010.0,West,OFF-LA-10002034,Office Supplies,Labels,Avery 478,15.64
12205,CA-2019-156363,22/10/2019,28/10/2019,Standard Class,ML-17395,Marina Lichtenstein,Corporate,United States,Philadelphia,Pennsylvania,19134.0,East,TEC-PH-10003988,Technology,Phones,"LF Elite 3D Dazzle Designer Hard Case Cover, Lf Stylus Pen and Wiper For Apple Iphone 5c Mini Lite",34.44
12206,CA-2019-156363,22/10/2019,28/10/2019,Standard Class,ML-17395,Marina Lichtenstein,Corporate,United States,Philadelphia,Pennsylvania,19134.0,East,OFF-EN-10003068,Office Supplies,Envelopes,#6 3/4 Gummed Flap White Envelopes,32.69
12210,CA-2019-159282,16/10/2019,21/10/2019,Standard Class,GH-14410,Gary Hansen,Home Office,United States,Yuma,Arizona,85364.0,West,TEC-MA-10001148,Technology,Machines,Swingline SM12-08 MicroCut Jam Free Shredder,591.71
12214,CA-2019-151183,14/10/2019,19/10/2019,Standard Class,BK-11260,Berenike Kampe,Consumer,United States,San Francisco,California,94110.0,West,TEC-AC-10003614,Technology,Accessories,"Verbatim 25 GB 6x Blu-ray Single Layer Recordable Disc, 10/Pack",39.79
12230,CA-2019-115119,26/10/2019,30/10/2019,Standard Class,SC-20440,Shaun Chance,Corporate,United States,Lancaster,Pennsylvania,17602.0,East,TEC-PH-10001433,Technology,Phones,Cisco Small Business SPA 502G VoIP phone,68.71
12231,CA-2019-115119,26/10/2019,30/10/2019,Standard Class,SC-20440,Shaun Chance,Corporate,United States,Lancaster,Pennsylvania,17602.0,East,OFF-BI-10003007,Office Supplies,Binders,"Premium Transparent Presentation Covers, No Pattern/Clear, 8 1/2"" x 11""",83.95
12237,CA-2019-142125,21/10/2019,27/10/2019,Standard Class,JB-15400,Jennifer Braxton,Corporate,United States,Milwaukee,Wisconsin,53209.0,Central,OFF-BI-10000301,Office Supplies,Binders,GBC Instant Report Kit,37.49
12238,CA-2019-142125,21/10/2019,27/10/2019,Standard Class,JB-15400,Jennifer Braxton,Corporate,United States,Milwaukee,Wisconsin,53209.0,Central,OFF-BI-10003460,Office Supplies,Binders,Acco 3-Hole Punch,20.85
12323,CA-2019-157672,05/10/2019,07/10/2019,First Class,RB-19795,Ross Baird,Home Office,United States,Denver,Colorado,80219.0,West,TEC-AC-10001714,Technology,Accessories,Logitech MX Performance Wireless Mouse,59.98
12332,CA-2019-151225,27/10/2019,29/10/2019,First Class,JM-15655,Jim Mitchum,Corporate,United States,Los Angeles,California,90032.0,West,FUR-TA-10001539,Furniture,Tables,Chromcraft Rectangular Conference Tables,208.26
12333,CA-2019-151225,27/10/2019,29/10/2019,First Class,JM-15655,Jim Mitchum,Corporate,United States,Los Angeles,California,90032.0,West,TEC-PH-10004100,Technology,Phones,Griffin GC17055 Auxiliary Audio Cable,67.53
12360,CA-2019-100237,15/10/2019,19/10/2019,Standard Class,SV-20815,Stuart Van,Corporate,United States,Orem,Utah,84057.0,West,OFF-AR-10001761,Office Supplies,Art,Avery Hi-Liter Smear-Safe Highlighters,11.68
12361,CA-2019-139353,28/10/2019,30/10/2019,Second Class,JM-15250,Janet Martin,Consumer,United States,Fayetteville,North Carolina,28314.0,South,FUR-FU-10001876,Furniture,Furnishings,"Computer Room Manger, 14""",84.84
12362,CA-2019-139353,28/10/2019,30/10/2019,Second Class,JM-15250,Janet Martin,Consumer,United States,Fayetteville,North Carolina,28314.0,South,OFF-ST-10001522,Office Supplies,Storage,"Gould Plastics 18-Pocket Panel Bin, 34w x 5-1/4d x 20-1/2h",156.33
12363,CA-2019-139353,28/10/2019,30/10/2019,Second Class,JM-15250,Janet Martin,Consumer,United States,Fayetteville,North Carolina,28314.0,South,OFF-PA-10000300,Office Supplies,Paper,Xerox 1936,41.48
12385,CA-2019-169362,12/10/2019,15/10/2019,First Class,SP-20860,Sung Pak,Corporate,United States,Dallas,Texas,75217.0,Central,TEC-AC-10001383,Technology,Accessories,Logitech Wireless Touch Keyboard K400,41.01
12394,CA-2019-117114,31/10/2019,05/11/2019,Standard Class,CY-12745,Craig Yedwab,Corporate,United States,Chicago,Illinois,60610.0,Central,TEC-PH-10004042,Technology,Phones,ClearOne Communications CHAT 70 OC Speaker Phone,511.85
12395,CA-2019-117114,31/10/2019,05/11/2019,Standard Class,CY-12745,Craig Yedwab,Corporate,United States,Chicago,Illinois,60610.0,Central,OFF-EN-10001137,Office Supplies,Envelopes,"#10 Gummed Flap White Envelopes, 100/Box",8.85
12448,CA-2019-131807,05/10/2019,10/10/2019,Standard Class,GG-14650,Greg Guthrie,Corporate,United States,Chico,California,95928.0,West,FUR-CH-10001190,Furniture,Chairs,Global Deluxe High-Back Office Chair in Storm,435.22
12449,CA-2019-131807,05/10/2019,10/10/2019,Standard Class,GG-14650,Greg Guthrie,Corporate,United States,Chico,California,95928.0,West,OFF-FA-10002780,Office Supplies,Fasteners,Staples,14.6
12450,CA-2019-131807,05/10/2019,10/10/2019,Standard Class,GG-14650,Greg Guthrie,Corporate,United States,Chico,California,95928.0,West,OFF-AP-10004052,Office Supplies,Appliances,"Hoover Replacement Belts For Soft Guard & Commercial Ltweight Upright Vacs, 2/Pk",15.6
12451,CA-2019-131807,05/10/2019,10/10/2019,Standard Class,GG-14650,Greg Guthrie,Corporate,United States,Chico,California,95928.0,West,FUR-FU-10004666,Furniture,Furnishings,DAX Clear Channel Poster Frame,66.53
12452,CA-2019-131807,05/10/2019,10/10/2019,Standard Class,GG-14650,Greg Guthrie,Corporate,United States,Chico,California,95928.0,West,FUR-TA-10004086,Furniture,Tables,KI Adjustable-Height Table,198.22
12453,CA-2019-131807,05/10/2019,10/10/2019,Standard Class,GG-14650,Greg Guthrie,Corporate,United States,Chico,California,95928.0,West,TEC-PH-10000702,Technology,Phones,"Square Credit Card Reader, 4 1/2"" x 4 1/2"" x 1"", White",7.68
12467,CA-2019-114804,17/10/2019,19/10/2019,Second Class,BF-11020,Barry Französisch,Corporate,United States,Modesto,California,95351.0,West,TEC-PH-10001700,Technology,Phones,Panasonic KX-TG6844B Expandable Digital Cordless Telephone,47.04
12501,CA-2019-144820,03/10/2019,07/10/2019,Second Class,LW-16825,Laurel Workman,Corporate,United States,Pasadena,Texas,77506.0,Central,OFF-AR-10004817,Office Supplies,Art,Colorific Watercolor Pencils,20.77
12535,CA-2019-103065,20/10/2019,20/10/2019,Same Day,PT-19090,Pete Takahito,Consumer,United States,Jacksonville,Florida,32216.0,South,OFF-ST-10000617,Office Supplies,Storage,Woodgrain Magazine Files by Perma,5.4
12536,CA-2019-103065,20/10/2019,20/10/2019,Same Day,PT-19090,Pete Takahito,Consumer,United States,Jacksonville,Florida,32216.0,South,OFF-PA-10000380,Office Supplies,Paper,"REDIFORM Incoming/Outgoing Call Register, 11"" X 8 1/2"", 100 Messages",7.24
12537,CA-2019-103065,20/10/2019,20/10/2019,Same Day,PT-19090,Pete Takahito,Consumer,United States,Jacksonville,Florida,32216.0,South,OFF-AR-10003251,Office Supplies,Art,Prang Drawing Pencil Set,5.1
12538,CA-2019-103065,20/10/2019,20/10/2019,Same Day,PT-19090,Pete Takahito,Consumer,United States,Jacksonville,Florida,32216.0,South,FUR-FU-10000175,Furniture,Furnishings,DAX Wood Document Frame.,44.52
12567,CA-2019-118577,06/10/2019,11/10/2019,Standard Class,XP-21865,Xylona Preis,Consumer,United States,Belleville,New Jersey,7109.0,East,OFF-PA-10001357,Office Supplies,Paper,Xerox 1886,144.98
12568,CA-2019-118577,06/10/2019,11/10/2019,Standard Class,XP-21865,Xylona Preis,Consumer,United States,Belleville,New Jersey,7109.0,East,OFF-PA-10004888,Office Supplies,Paper,Xerox 217,5.98
12601,CA-2019-150091,12/10/2019,16/10/2019,Standard Class,NP-18670,Nora Paige,Consumer,United States,Lakewood,New Jersey,8701.0,East,TEC-AC-10002167,Technology,Accessories,Imation 8gb Micro Traveldrive Usb 2.0 Flash Drive,48.95
12602,CA-2019-150091,12/10/2019,16/10/2019,Standard Class,NP-18670,Nora Paige,Consumer,United States,Lakewood,New Jersey,8701.0,East,OFF-FA-10000621,Office Supplies,Fasteners,"OIC Colored Binder Clips, Assorted Sizes",20.09
12603,CA-2019-150091,12/10/2019,16/10/2019,Standard Class,NP-18670,Nora Paige,Consumer,United States,Lakewood,New Jersey,8701.0,East,FUR-FU-10004053,Furniture,Furnishings,DAX Two-Tone Silver Metal Document Frame,45.87
12604,CA-2019-150091,12/10/2019,16/10/2019,Standard Class,NP-18670,Nora Paige,Consumer,United States,Lakewood,New Jersey,8701.0,East,FUR-BO-10003404,Furniture,Bookcases,"Global Adaptabilites Bookcase, Cherry/Storm Gray Finish",2452.36
12610,CA-2019-125451,23/10/2019,24/10/2019,First Class,AH-10075,Adam Hart,Corporate,United States,Cranston,Rhode Island,2920.0,East,FUR-TA-10001039,Furniture,Tables,KI Adjustable-Height Table,256.51
12611,CA-2019-125451,23/10/2019,24/10/2019,First Class,AH-10075,Adam Hart,Corporate,United States,Cranston,Rhode Island,2920.0,East,FUR-FU-10004963,Furniture,Furnishings,"Eldon 400 Class Desk Accessories, Black Carbon",32.35
12612,CA-2019-125451,23/10/2019,24/10/2019,First Class,AH-10075,Adam Hart,Corporate,United States,Cranston,Rhode Island,2920.0,East,FUR-FU-10000277,Furniture,Furnishings,Deflect-o DuraMat Antistatic Studded Beveled Mat for Medium Pile Carpeting,219.57
12613,CA-2019-125451,23/10/2019,24/10/2019,First Class,AH-10075,Adam Hart,Corporate,United States,Cranston,Rhode Island,2920.0,East,FUR-TA-10004915,Furniture,Tables,"Office Impressions End Table, 20-1/2""H x 24""W x 20""D",669.78
12614,CA-2019-125451,23/10/2019,24/10/2019,First Class,AH-10075,Adam Hart,Corporate,United States,Cranston,Rhode Island,2920.0,East,OFF-PA-10003724,Office Supplies,Paper,"Wirebound Message Book, 4 per Page",39.04
12615,CA-2019-125451,23/10/2019,24/10/2019,First Class,AH-10075,Adam Hart,Corporate,United States,Cranston,Rhode Island,2920.0,East,OFF-AP-10002906,Office Supplies,Appliances,Hoover Replacement Belt for Commercial Guardsman Heavy-Duty Upright Vacuum,2.26
12624,CA-2019-134880,27/10/2019,01/11/2019,Standard Class,TW-21025,Tamara Willingham,Home Office,United States,Mesa,Arizona,85204.0,West,OFF-PA-10004039,Office Supplies,Paper,Xerox 1882,41.05
12680,CA-2019-141705,24/10/2019,26/10/2019,First Class,PO-18850,Patrick O'Brill,Consumer,United States,Mansfield,Texas,76063.0,Central,FUR-TA-10004607,Furniture,Tables,Hon 2111 Invitation Series Straight Table,468.69
12719,US-2019-110646,26/10/2019,31/10/2019,Standard Class,JF-15190,Jamie Frazer,Consumer,United States,Philadelphia,Pennsylvania,19134.0,East,OFF-BI-10004330,Office Supplies,Binders,"GBC Velobind Prepunched Cover Sets, Regency Series",32.51
12720,US-2019-110646,26/10/2019,31/10/2019,Standard Class,JF-15190,Jamie Frazer,Consumer,United States,Philadelphia,Pennsylvania,19134.0,East,TEC-PH-10002807,Technology,Phones,Motorla HX550 Universal Bluetooth Headset,111.64
12721,US-2019-110646,26/10/2019,31/10/2019,Standard Class,JF-15190,Jamie Frazer,Consumer,United States,Philadelphia,Pennsylvania,19134.0,East,OFF-LA-10001404,Office Supplies,Labels,Avery 517,13.99
12738,CA-2019-135909,13/10/2019,20/10/2019,Standard Class,JW-15220,Jane Waco,Corporate,United States,Sacramento,California,95823.0,West,TEC-AC-10002335,Technology,Accessories,Logitech Media Keyboard K200,215.22
12739,CA-2019-135909,13/10/2019,20/10/2019,Standard Class,JW-15220,Jane Waco,Corporate,United States,Sacramento,California,95823.0,West,TEC-PH-10003187,Technology,Phones,Anker Astro Mini 3000mAh Ultra-Compact Portable Charger,36.32
12740,CA-2019-135909,13/10/2019,20/10/2019,Standard Class,JW-15220,Jane Waco,Corporate,United States,Sacramento,California,95823.0,West,OFF-BI-10003527,Office Supplies,Binders,Fellowes PB500 Electric Punch Plastic Comb Binding Machine with Manual Bind,4386.07
12748,US-2019-115252,20/10/2019,25/10/2019,Standard Class,MY-18295,Muhammed Yedwab,Corporate,United States,Durham,North Carolina,27707.0,South,TEC-PH-10004071,Technology,Phones,PayAnywhere Card Reader,16.03
12749,US-2019-115252,20/10/2019,25/10/2019,Standard Class,MY-18295,Muhammed Yedwab,Corporate,United States,Durham,North Carolina,27707.0,South,OFF-PA-10001667,Office Supplies,Paper,Great White Multi-Use Recycled Paper (20Lb. and 84 Bright),13.79
12751,CA-2019-160661,28/10/2019,01/11/2019,Standard Class,SA-20830,Sue Ann Reed,Consumer,United States,Everett,Massachusetts,2149.0,East,OFF-LA-10002475,Office Supplies,Labels,Avery 519,24.08
12761,CA-2019-111717,10/10/2019,16/10/2019,Standard Class,SW-20245,Scot Wooten,Consumer,United States,Aurora,Illinois,60505.0,Central,FUR-CH-10001545,Furniture,Chairs,Hon Comfortask Task/Swivel Chairs,217.47
12784,US-2019-139577,01/10/2019,06/10/2019,Standard Class,TN-21040,Tanja Norvell,Home Office,United States,San Francisco,California,94110.0,West,TEC-AC-10004708,Technology,Accessories,Sony 32GB Class 10 Micro SDHC R40 Memory Card,114.72
12785,CA-2019-159100,16/10/2019,21/10/2019,Standard Class,VP-21760,Victoria Pisteka,Corporate,United States,Columbia,Tennessee,38401.0,South,TEC-AC-10003499,Technology,Accessories,Memorex Mini Travel Drive 8 GB USB 2.0 Flash Drive,18.79
12786,CA-2019-159100,16/10/2019,21/10/2019,Standard Class,VP-21760,Victoria Pisteka,Corporate,United States,Columbia,Tennessee,38401.0,South,FUR-TA-10001950,Furniture,Tables,Balt Solid Wood Round Tables,2138.0
12814,US-2019-148831,13/10/2019,15/10/2019,First Class,AH-10210,Alan Hwang,Consumer,United States,Louisville,Kentucky,40214.0,South,OFF-ST-10002974,Office Supplies,Storage,"Trav-L-File Heavy-Duty Shuttle II, Black",333.18
12815,CA-2019-152933,12/10/2019,16/10/2019,Standard Class,MG-17650,Matthew Grinstein,Home Office,United States,Dallas,Texas,75081.0,Central,TEC-PH-10002085,Technology,Phones,Clarity 53712,382.99
12816,CA-2019-152933,12/10/2019,16/10/2019,Standard Class,MG-17650,Matthew Grinstein,Home Office,United States,Dallas,Texas,75081.0,Central,OFF-PA-10001934,Office Supplies,Paper,Xerox 1993,9.85
12817,CA-2019-152933,12/10/2019,16/10/2019,Standard Class,MG-17650,Matthew Grinstein,Home Office,United States,Dallas,Texas,75081.0,Central,TEC-AC-10003033,Technology,Accessories,Plantronics CS510 - Over-the-Head monaural Wireless Headset System,847.16
12849,CA-2019-103212,13/10/2019,14/10/2019,First Class,MH-18025,Michelle Huthwaite,Consumer,United States,Lafayette,Louisiana,70506.0,South,OFF-LA-10000248,Office Supplies,Labels,Avery 52,10.73
12850,CA-2019-103212,13/10/2019,14/10/2019,First Class,MH-18025,Michelle Huthwaite,Consumer,United States,Lafayette,Louisiana,70506.0,South,FUR-TA-10003473,Furniture,Tables,Bretford Rectangular Conference Table Tops,1398.12
12851,CA-2019-103212,13/10/2019,14/10/2019,First Class,MH-18025,Michelle Huthwaite,Consumer,United States,Lafayette,Louisiana,70506.0,South,OFF-PA-10004355,Office Supplies,Paper,Xerox 231,23.63
12860,CA-2019-110310,27/10/2019,02/11/2019,Standard Class,NB-18655,Nona Balk,Corporate,United States,Tallahassee,Florida,32303.0,South,OFF-PA-10001685,Office Supplies,Paper,Easy-staple paper,64.47
12861,CA-2019-110310,27/10/2019,02/11/2019,Standard Class,NB-18655,Nona Balk,Corporate,United States,Tallahassee,Florida,32303.0,South,OFF-BI-10001097,Office Supplies,Binders,Avery Hole Reinforcements,5.27
12862,CA-2019-110310,27/10/2019,02/11/2019,Standard Class,NB-18655,Nona Balk,Corporate,United States,Tallahassee,Florida,32303.0,South,OFF-AR-10001662,Office Supplies,Art,Rogers Handheld Barrel Pencil Sharpener,5.77
12931,CA-2019-152926,02/10/2019,04/10/2019,Second Class,SC-20695,Steve Chapman,Corporate,United States,Houston,Texas,77041.0,Central,OFF-AP-10004708,Office Supplies,Appliances,Fellowes Superior 10 Outlet Split Surge Protector,16.62
12932,CA-2019-152926,02/10/2019,04/10/2019,Second Class,SC-20695,Steve Chapman,Corporate,United States,Houston,Texas,77041.0,Central,OFF-AP-10001947,Office Supplies,Appliances,Acco 6 Outlet Guardian Premium Plus Surge Suppressor,24.11
12951,CA-2019-130505,12/10/2019,12/10/2019,Same Day,NF-18385,Natalie Fritzler,Consumer,United States,Wheeling,West Virginia,26003.0,East,FUR-TA-10001932,Furniture,Tables,"Chromcraft 48"" x 96"" Racetrack Double Pedestal Table",699.65
12968,CA-2019-102729,26/10/2019,31/10/2019,Standard Class,BF-11215,Benjamin Farhat,Home Office,United States,Dallas,Texas,75217.0,Central,OFF-ST-10000464,Office Supplies,Storage,"Multi-Use Personal File Cart and Caster Set, Three Stacking Bins",49.03
12991,CA-2019-144365,24/10/2019,30/10/2019,Standard Class,CS-11950,Carlos Soltero,Consumer,United States,Jackson,Mississippi,39212.0,South,OFF-FA-10000735,Office Supplies,Fasteners,Staples,11.01
13029,CA-2019-125990,19/10/2019,23/10/2019,Standard Class,JS-16030,Joy Smith,Consumer,United States,San Francisco,California,94122.0,West,OFF-BI-10004826,Office Supplies,Binders,JM Magazine Binder,34.93
